episodes,sum_wins,avg_actor_loss,avg_critic_loss,avg_actor_grad_norm,avg_critic_grad_norm,avg_reward
1,0,0.18313860893249512,5800.4541015625,0.003612000960856676,757.8675537109375,-152.12167499999725
