episodes,sum_wins,avg_actor_loss,avg_critic_loss,avg_actor_grad_norm,avg_critic_grad_norm,avg_reward
1,0,0.0,0.0,0.0,0.0,-119.95325000000159
2,0,0.0,0.0,0.0,0.0,-120.20927500000147
3,0,0.0,0.0,0.0,0.0,-119.87017500000167
4,0,0.0,0.0,0.0,0.0,-119.86072500000147
5,0,0.0,0.0,0.0,0.0,-123.82755000000162
6,0,0.0,0.0,0.0,0.0,-186.04890000000103
7,0,0.0,0.0,0.0,0.0,-250.79294999999968
8,0,0.0,0.0,0.0,0.0,-153.07205000000093
9,0,0.0,0.0,0.0,0.0,-260.5774500000003
