episodes,sum_wins,avg_actor_loss,avg_critic_loss,avg_actor_grad_norm,avg_critic_grad_norm,avg_reward
1,0,0.0,0.0,0.0,0.0,-107.54757500000241
2,0,0.0,0.0,0.0,0.0,-103.53872500000043
3,0,0.0,0.0,0.0,0.0,-100.2851499999985
4,0,0.0,0.0,0.0,0.0,-99.59457499999833
5,0,0.0,0.0,0.0,0.0,-99.92427499999862
6,0,0.0,0.0,0.0,0.0,-99.70262499999848
7,0,0.0,0.0,0.0,0.0,-99.96952499999841
8,0,0.0,0.0,0.0,0.0,-97.87874999999809
9,0,0.0,0.0,0.0,0.0,-96.6786249999985
