episodes,sum_wins,avg_actor_loss,avg_critic_loss,avg_actor_grad_norm,avg_critic_grad_norm,avg_actor_learning_rate,avg_critic_learning_rate,avg_reward
1,0,0.0,0.0,0.0,0.0,0.0,0.0,3.1004605204081632
2,0,0.0,0.0,0.0,0.0,0.0,0.0,4.724507892857143
3,0,0.0,0.0,0.0,0.0,0.0,0.0,5.134205078571429
4,0,0.0,0.0,0.0,0.0,0.0,0.0,2.8641546122448984
5,0,0.0,0.0,0.0,0.0,0.0,0.0,2.754432641836735
